group,n_samples,height_cm_min,height_cm_max
core,67,91.66640639305116,124.74408149719238
sub,48,125.26808977127075,139.8421049118042
excluded,121,140.03642201423645,176.9700467586517
