group,n_samples,shoulder_width_ratio_median,shoulder_width_ratio_mean,pelvis_width_ratio_median,pelvis_width_ratio_mean,torso_height_ratio_median,torso_height_ratio_mean,upper_arm_ratio_median,upper_arm_ratio_mean,forearm_ratio_median,forearm_ratio_mean,arm_length_ratio_median,arm_length_ratio_mean,thigh_ratio_median,thigh_ratio_mean,shank_ratio_median,shank_ratio_mean,leg_length_ratio_median,leg_length_ratio_mean
sub,48,0.1871866741063844,0.18780397397814522,0.0616069710861613,0.062432863982518676,0.2729862189734333,0.27331875712330583,0.1524401451768499,0.15260611401253765,0.1455273737858415,0.145580757074085,0.2976718763030364,0.2981868710866227,0.21094225773071776,0.21093924982554965,0.22929558385123178,0.22919708504130534,0.4409795009877935,0.440136334866855
