group,n_samples,shoulder_width_ratio_median,shoulder_width_ratio_mean,pelvis_width_ratio_median,pelvis_width_ratio_mean,torso_height_ratio_median,torso_height_ratio_mean,upper_arm_ratio_median,upper_arm_ratio_mean,forearm_ratio_median,forearm_ratio_mean,arm_length_ratio_median,arm_length_ratio_mean,thigh_ratio_median,thigh_ratio_mean,shank_ratio_median,shank_ratio_mean,leg_length_ratio_median,leg_length_ratio_mean
core,67,0.1876092450305526,0.18815335871254216,0.0642445651233431,0.06449047605394624,0.2799169450575618,0.2786607092931692,0.1529533651443691,0.15229140499231866,0.1432200137301409,0.1428431617613108,0.2951489441075837,0.29513456675362953,0.2030650594479282,0.2028368943554394,0.2215872131384044,0.22143270699378645,0.4247393735492636,0.42426960134922587
